client_ip,userSessionID,unique_url_count
1.186.143.37,1,2
1.187.164.29,1,8
1.22.41.76,1,5
1.23.208.26,1,5
1.23.208.26,2,1
1.23.36.184,1,4
1.38.19.8,1,1
1.38.20.34,1,14
1.39.13.13,1,2
1.39.32.249,1,4
1.39.32.249,2,2
1.39.32.59,1,1
1.39.33.153,1,6
1.39.33.33,1,2
1.39.33.77,1,2
1.39.33.77,2,4
1.39.34.4,1,1
1.39.40.43,1,2
1.39.60.37,1,36
1.39.61.53,1,19
1.39.62.227,1,2
1.39.63.197,1,2
1.39.63.5,1,2
1.39.63.5,2,4
1.39.80.11,1,12
1.39.80.59,1,8
1.39.80.59,2,2
1.39.96.177,1,1
1.39.96.177,2,3
1.39.96.180,1,3
1.39.96.68,1,6
101.212.65.1,1,6
101.212.69.69,1,1
101.222.227.114,1,3
101.223.252.87,1,2
101.57.206.246,1,1
101.57.4.107,1,4
101.58.167.51,1,1
101.60.197.127,1,5
101.62.205.35,1,1
101.62.218.177,1,2
101.62.250.135,1,4
101.63.205.107,1,8
103.15.63.34,1,1
103.15.63.34,2,7
103.15.63.34,3,6
103.16.71.9,1,3
103.16.71.9,2,85
103.16.71.9,3,7
103.16.71.9,4,1
103.16.71.9,5,1
103.16.71.9,6,1
103.228.115.16,1,1
103.233.170.180,1,17
103.24.23.10,1,3
103.24.23.10,2,10
103.24.23.10,3,5
103.24.23.10,4,39
103.24.23.10,5,5
103.24.23.10,6,4
103.24.23.10,7,2
103.243.11.122,1,3
103.252.165.138,1,1
103.255.180.103,1,1
103.30.83.131,1,4
103.40.51.60,1,7
103.40.51.60,2,6
103.42.88.34,1,15
103.42.88.34,2,8
103.42.88.34,3,16
103.50.83.146,1,3
103.55.169.151,1,3
106.194.53.95,1,7
106.194.72.116,1,1
106.201.76.6,1,5
106.206.152.59,1,1
106.206.154.121,1,4
106.208.243.5,1,1
106.210.140.8,1,2
106.215.136.220,1,3
106.215.140.91,1,3
106.220.18.37,1,2
106.220.74.49,1,2
106.51.134.1,1,1
106.51.141.207,1,2
106.51.175.162,1,2
106.51.242.214,1,10
106.67.8.255,1,7
106.76.168.115,1,6
106.76.97.245,1,7
106.77.245.91,1,3
106.77.91.244,1,7
106.78.13.215,1,1
106.78.19.195,1,1
106.79.139.48,1,3
106.79.15.55,1,1
106.79.28.185,1,1
107.167.108.217,1,1
107.167.108.217,2,8
107.167.108.217,3,7
107.167.99.177,1,2
107.167.99.177,2,5
107.167.99.177,3,4
111.118.244.19,1,2
112.196.33.2,1,2
112.196.7.100,1,2
112.79.35.194,1,2
112.79.35.194,2,4
112.79.37.91,1,2
112.79.38.209,1,1
112.79.39.78,1,1
113.193.114.25,1,84
113.193.161.227,1,1
113.193.19.38,1,6
113.193.19.38,2,25
113.193.33.7,1,1
113.193.87.145,1,5
114.143.34.17,1,2
114.143.37.99,1,2
115.111.246.82,1,1
115.111.248.134,1,22
115.111.248.134,2,3
115.112.250.108,1,85
115.114.142.66,1,4
115.115.199.154,1,6
115.118.151.75,1,2
115.118.63.82,1,9
115.240.196.238,1,1
115.241.254.133,1,3
115.242.233.69,1,3
115.246.23.131,1,1
115.247.53.69,1,1
115.248.37.154,1,23
115.248.88.153,1,3
115.249.104.117,1,11
115.249.172.249,1,1
115.250.0.14,1,9
115.250.101.65,1,13
115.250.28.170,1,1
115.250.30.125,1,4
115.250.61.111,1,2
115.250.95.174,1,8
115.252.33.150,1,3
115.69.247.81,1,4
115.97.26.99,1,1
115.99.101.27,1,10
115.99.93.223,1,9
115.99.93.223,2,6
116.14.148.140,1,1
116.202.28.181,1,6
116.202.29.82,1,2
116.203.110.184,1,2
116.203.140.46,1,3
116.203.76.43,1,5
116.203.77.122,1,4
116.203.77.63,1,9
116.72.183.22,1,3
117.194.96.174,1,8
117.197.55.39,1,4
117.197.55.39,2,3
117.198.20.130,1,2
117.199.119.153,1,3
117.199.175.119,1,8
117.199.184.27,1,2
117.199.79.155,1,25
117.200.237.131,1,2
117.201.158.68,1,8
117.201.89.91,1,3
117.201.97.114,1,1
117.202.104.218,1,6
117.203.181.144,1,2
117.204.193.39,1,10
117.204.247.182,1,2
117.205.203.227,1,2
117.205.39.248,1,16
117.206.195.141,1,1
117.207.233.107,1,5
117.207.97.173,1,3
117.209.149.158,1,3
117.210.14.119,1,3
117.211.161.243,1,3
117.211.162.115,1,2
117.212.160.218,1,2
117.212.33.120,1,5
117.213.216.174,1,1
117.213.224.211,1,4
117.213.224.211,2,5
117.213.8.47,1,3
117.214.130.87,1,4
117.215.137.201,1,6
117.216.241.246,1,7
117.217.152.106,1,3
117.218.161.174,1,95
117.218.74.108,1,10
117.220.84.176,1,5
117.221.67.54,1,2
117.223.1.249,1,4
117.223.113.166,1,10
117.223.209.111,1,13
117.223.62.26,1,3
117.225.184.240,1,53
117.225.184.240,2,2
117.229.61.116,1,2
117.232.164.217,1,4
117.235.111.132,1,4
117.239.14.210,1,3
117.239.199.241,1,1
117.240.56.66,1,8
117.241.152.20,1,23
117.241.152.20,2,13
117.244.35.208,1,5
117.245.5.148,1,1
117.247.188.13,1,9
117.247.27.210,1,5
117.249.239.92,1,3
117.251.89.180,1,3
117.253.241.37,1,2
117.255.208.75,1,1
117.55.242.8,1,7
119.82.122.92,1,2
120.56.143.223,1,3
120.56.209.48,1,5
120.56.239.192,1,5
120.57.11.226,1,1
120.59.10.200,1,1
120.59.171.254,1,1
120.61.47.36,1,7
120.61.51.26,1,1
120.63.232.51,1,3
120.63.27.66,1,1
120.63.59.185,1,1
121.241.210.182,1,7
121.242.178.194,1,3
121.244.122.59,1,2
121.244.122.59,2,3
121.246.85.180,1,2
122.102.123.136,1,1
122.160.151.159,1,88
122.160.17.28,1,6
122.160.187.78,1,3
122.160.211.198,1,6
122.160.49.155,1,1
122.161.89.5,1,1
122.162.171.111,1,3
122.162.175.12,1,4
122.164.205.71,1,3
122.166.215.163,1,11
122.166.58.14,1,12
122.166.98.88,1,2
122.167.149.123,1,2
122.167.239.188,1,3
122.168.178.102,1,1
122.169.142.85,1,1
122.169.3.12,1,1
122.169.32.48,1,1
122.172.179.65,1,2
122.174.149.15,1,2
122.174.218.38,1,3
122.174.22.225,1,6
122.175.153.217,1,1
122.175.21.189,1,3
122.175.225.152,1,3
122.175.225.152,2,21
122.176.188.255,1,6
122.176.200.244,1,5
122.176.79.17,1,9
122.177.242.66,1,1
122.178.36.94,1,2
122.179.175.178,1,7
122.179.181.29,1,4
122.179.38.214,1,1
122.181.181.211,1,9
122.182.6.210,1,4
122.183.176.133,1,8
123.136.182.137,1,10
123.201.129.247,1,3
123.201.194.204,1,4
123.201.21.170,1,3
123.236.125.177,1,1
123.238.121.215,1,3
123.238.22.180,1,4
123.63.194.202,1,7
123.63.232.178,1,1
124.123.151.148,1,5
124.123.177.4,1,6
124.123.190.105,1,5
124.123.73.155,1,2
124.123.73.155,2,2
124.124.34.97,1,4
124.125.22.218,1,88
124.253.18.164,1,8
124.253.33.62,1,4
125.16.112.6,1,1
125.16.22.98,1,2
125.16.91.6,1,18
125.21.55.150,1,3
125.21.55.150,2,1
125.62.206.123,1,3
125.62.97.49,1,2
129.221.48.23,1,2
14.139.121.68,1,1
14.139.159.99,1,1
14.139.159.99,2,7
14.139.159.99,3,3
14.139.159.99,4,2
14.139.60.13,1,1
14.139.82.134,1,13
14.139.82.134,2,7
14.139.82.134,3,89
14.139.82.134,4,6
14.139.82.134,5,9
14.140.127.99,1,13
14.140.174.242,1,8
14.140.19.35,1,4
14.141.209.166,1,1
14.141.217.83,1,4
14.141.217.83,2,100
14.96.170.158,1,10
14.98.222.175,1,1
14.98.247.140,1,31
14.98.88.236,1,9
14.99.125.65,1,7
144.36.230.185,1,3
144.36.232.44,1,19
15.211.153.73,1,3
150.129.204.194,1,2
150.242.24.43,1,1
151.224.15.174,1,2
156.101.9.1,1,1
156.101.9.1,2,9
156.101.9.1,3,4
156.101.9.1,4,3
163.47.12.166,1,1
163.47.12.176,1,18
163.53.176.157,1,1
167.191.252.7,1,13
168.235.194.72,1,1
168.235.194.72,2,1
168.235.195.112,1,2
168.235.195.212,1,1
168.235.195.54,1,2
168.235.195.54,2,3
168.235.197.123,1,1
168.235.197.123,2,13
168.235.197.123,3,4
168.235.197.123,4,1
171.49.119.228,1,1
173.252.90.121,1,1
173.252.90.121,2,1
175.101.128.18,1,1
175.101.128.18,2,4
175.101.67.136,1,2
175.101.67.136,2,3
178.255.154.2,1,1
180.151.201.218,1,6
180.151.225.4,1,6
180.188.247.224,1,1
180.215.121.185,1,1
180.215.121.185,2,1
180.215.123.203,1,18
180.215.123.203,2,9
180.215.248.190,1,2
180.76.15.162,1,1
180.76.15.162,2,1
182.18.177.110,1,1
182.19.54.187,1,5
182.19.54.187,2,9
182.19.54.187,3,6
182.19.54.187,4,9
182.64.222.139,1,3
182.66.32.131,1,7
182.66.42.66,1,3
182.66.43.148,1,14
182.66.45.218,1,57
182.66.58.157,1,1
182.67.46.90,1,5
182.68.11.59,1,6
182.69.150.15,1,17
182.69.49.201,1,3
182.69.49.201,2,23
182.70.148.27,1,2
182.70.162.19,1,2
182.71.239.110,1,2
182.71.82.90,1,3
182.72.41.27,1,3
182.72.56.156,1,17
182.72.96.154,1,3
182.73.160.190,1,3
183.82.154.161,1,3
183.82.171.33,1,2
183.82.216.131,1,4
183.82.78.64,1,19
183.87.202.155,1,5
183.87.228.169,1,8
183.87.91.242,1,5
192.148.105.4,1,16
192.148.105.4,2,13
192.249.47.180,1,2
192.65.41.113,1,8
196.207.75.149,1,1
196.4.67.30,1,3
2.49.185.26,1,3
202.131.98.131,1,3
202.142.81.48,1,5
202.174.92.10,1,16
202.191.227.230,1,11
202.53.15.162,1,1
202.53.74.20,1,1
202.53.89.12,1,3
202.53.89.132,1,12
202.53.89.132,2,102
202.63.106.110,1,5
202.65.139.71,1,1
203.101.82.213,1,1
203.129.218.178,1,2
203.193.137.44,1,9
203.193.137.44,2,15
210.212.249.11,1,5
210.212.249.11,2,3
216.251.62.11,1,4
216.251.62.11,2,24
216.82.251.232,1,3
219.91.199.164,1,1
220.227.5.244,1,5
223.176.10.27,1,4
223.176.142.40,1,4
223.176.158.111,1,3
223.176.174.84,1,2
223.176.179.248,1,2
223.176.24.214,1,84
223.176.34.109,1,4
223.176.38.86,1,1
223.176.5.175,1,2
223.176.52.254,1,5
223.186.69.40,1,1
223.189.89.134,1,1
223.191.250.153,1,5
223.196.56.96,1,1
223.225.252.41,1,1
223.227.241.228,1,1
223.227.32.102,1,9
223.235.30.236,1,5
223.30.191.66,1,2
223.30.66.14,1,1
27.106.25.124,1,1
27.124.41.24,1,8
27.34.0.231,1,9
27.34.244.251,1,4
27.34.244.251,2,5
27.34.244.251,3,15
27.34.244.251,4,2
27.34.244.251,5,93
27.34.250.215,1,7
27.34.250.215,2,1
27.34.250.215,3,3
27.34.250.215,4,5
27.49.39.233,1,2
27.49.80.50,1,3
27.62.30.188,1,4
27.63.186.72,1,6
27.7.211.107,1,1
27.97.1.253,1,1
27.97.168.26,1,3
27.97.208.6,1,7
27.97.221.57,1,3
27.97.6.111,1,1
37.221.160.234,1,1
37.228.106.13,1,8
37.228.106.13,2,74
37.228.106.13,3,3
37.228.106.13,4,5
37.228.106.13,5,1
42.105.121.43,1,1
43.225.161.245,1,1
43.247.158.13,1,8
43.248.39.163,1,4
45.117.48.43,1,6
45.118.175.174,1,1
49.14.104.120,1,3
49.14.130.121,1,1
49.14.146.154,1,49
49.14.210.41,1,3
49.201.109.12,1,4
49.201.237.50,1,3
49.202.154.5,1,4
49.203.34.83,1,18
49.204.15.103,1,12
49.204.25.219,1,3
49.205.109.126,1,85
49.205.66.147,1,2
49.206.1.99,1,67
49.206.11.73,1,3
49.207.188.111,1,5
49.207.188.111,2,7
49.248.248.66,1,4
49.248.248.66,2,1
49.248.53.54,1,18
49.249.18.214,1,2
49.249.81.186,1,3
49.32.0.139,1,3
49.50.74.14,1,8
50.118.172.199,1,4
54.145.89.126,1,2
54.209.248.229,1,2
54.226.221.122,1,2
59.160.110.163,1,14
59.177.234.8,1,2
59.177.37.135,1,1
59.178.132.223,1,45
59.180.241.218,1,15
59.184.55.184,1,2
59.89.74.252,1,3
59.95.113.108,1,1
59.96.100.45,1,6
59.97.29.84,1,3
59.97.32.9,1,3
59.99.156.81,1,1
61.0.225.164,1,12
61.16.142.142,1,3
61.16.142.162,1,3
61.16.142.162,2,9
61.16.142.162,3,5
61.2.172.171,1,2
61.3.119.16,1,2
61.8.208.80,1,1
62.7.83.14,1,2
70.39.185.77,1,1
8.37.225.142,1,1
8.37.228.93,1,10
80.231.42.105,1,8
86.98.67.230,1,4
1.186.41.9,1,12
1.186.41.9,2,3
1.186.95.10,1,3
1.187.207.38,1,3
1.187.226.245,1,4
1.187.226.245,2,5
1.22.112.162,1,2
1.22.37.178,1,2
1.23.106.16,1,1
1.23.134.197,1,6
1.23.135.159,1,1
1.23.199.3,1,1
1.23.2.244,1,1
1.23.247.209,1,4
1.23.45.224,1,6
1.38.20.130,1,1
1.38.20.130,2,3
1.38.20.32,1,7
1.38.20.95,1,2
1.38.21.177,1,2
1.39.12.152,1,6
1.39.13.57,1,5
1.39.13.57,2,1
1.39.15.103,1,2
1.39.15.103,2,3
1.39.15.148,1,4
1.39.32.75,1,1
1.39.34.68,1,4
1.39.35.65,1,4
1.39.35.83,1,5
1.39.35.94,1,1
1.39.35.94,2,2
1.39.46.137,1,6
1.39.60.149,1,1
1.39.61.239,1,1
1.39.61.239,2,1
1.39.61.239,3,1
1.39.62.148,1,1
1.39.62.148,2,4
1.39.62.148,3,5
1.39.62.225,1,3
1.39.62.225,2,3
1.39.62.225,3,1
1.39.63.114,1,3
1.39.63.114,2,7
1.39.63.38,1,1
1.39.96.226,1,3
1.39.97.7,1,4
1.39.97.7,2,7
101.2.111.190,1,1
101.212.246.11,1,1
101.212.68.144,1,4
101.221.135.200,1,1
101.221.135.233,1,3
101.222.244.167,1,2
101.222.246.221,1,5
101.56.100.198,1,3
101.59.211.136,1,5
101.59.72.197,1,3
101.60.154.11,1,2
101.62.176.43,1,7
101.62.181.109,1,1
103.18.72.136,1,2
103.21.233.156,1,3
103.224.153.170,1,12
103.225.176.86,1,1
103.226.3.17,1,1
103.228.36.130,1,3
103.232.126.172,1,18
103.232.8.100,1,9
103.24.126.13,1,17
103.24.126.13,2,3
103.240.171.54,1,1
103.242.189.112,1,6
103.242.63.141,1,1
103.252.24.19,1,3
103.252.25.199,1,7
103.253.175.86,1,3
103.254.27.109,1,1
103.26.226.146,1,5
103.37.201.252,1,6
103.37.201.252,2,6
103.37.201.252,3,7
103.38.247.6,1,2
103.40.48.50,1,3
103.43.5.193,1,2
103.5.132.66,1,1
103.5.132.66,2,12
103.5.132.66,3,9
103.5.132.66,4,4
103.5.132.66,5,6
103.59.246.229,1,2
106.192.145.214,1,5
106.192.157.103,1,1
106.202.16.168,1,6
106.202.58.24,1,5
106.208.100.61,1,2
106.208.114.62,1,3
106.208.171.179,1,1
106.208.206.58,1,2
106.208.45.219,1,1
106.215.177.13,1,46
106.219.59.241,1,2
106.220.11.54,1,1
106.220.151.201,1,3
106.220.177.64,1,3
106.220.33.180,1,5
106.220.4.145,1,2
106.220.46.195,1,4
106.220.78.123,1,3
106.221.130.47,1,2
106.221.132.100,1,1
106.221.151.196,1,2
106.51.133.30,1,1
106.51.227.226,1,12
106.51.234.79,1,4
106.51.240.108,1,9
106.51.245.14,1,2
106.51.248.114,1,84
106.51.52.85,1,1
106.51.57.5,1,2
106.66.8.83,1,5
106.76.190.20,1,4
106.76.59.23,1,45
106.77.35.248,1,1
106.78.121.105,1,4
106.78.29.215,1,83
106.78.55.188,1,2
106.78.6.175,1,3
107.167.107.129,1,2
107.167.107.129,2,2
107.167.107.129,3,1
107.167.107.73,1,4
107.167.107.73,2,2
107.167.109.127,1,11
107.167.109.157,1,1
107.167.109.157,2,17
107.167.109.157,3,19
107.167.109.157,4,8
107.167.109.157,5,2
107.167.109.157,6,1
107.167.109.65,1,3
107.167.109.65,2,1
107.167.109.83,1,2
107.167.109.83,2,4
107.167.109.83,3,2
107.167.99.210,1,75
111.119.209.79,1,2
111.92.118.38,1,2
111.93.178.110,1,9
112.133.233.131,1,4
112.133.233.131,2,15
112.196.87.111,1,8
112.79.35.197,1,3
112.79.35.197,2,3
112.79.36.186,1,2
112.79.36.186,2,1
112.79.37.13,1,5
112.79.37.71,1,1
112.79.37.71,2,1
112.79.39.203,1,12
113.193.63.150,1,1
113.193.97.84,1,1
113.193.99.218,1,3
114.31.251.115,1,2
115.111.23.150,1,50
115.114.135.248,1,2
115.114.135.248,2,3
115.114.36.86,1,10
115.114.93.56,1,13
115.114.93.56,2,9
115.115.227.115,1,6
115.184.125.238,1,1
115.184.201.127,1,9
115.184.62.2,1,2
115.241.52.195,1,1
115.241.57.102,1,6
115.242.226.156,1,1
115.242.231.230,1,1
115.242.239.53,1,1
115.245.10.65,1,5
115.245.22.168,1,2
115.247.122.18,1,3
115.250.81.16,1,1
115.254.58.50,1,5
115.98.53.151,1,7
116.193.133.188,1,2
116.193.161.206,1,1
116.202.36.121,1,1
116.202.36.181,1,3
116.202.38.91,1,9
116.202.64.97,1,4
116.202.96.176,1,1
116.203.10.118,1,6
116.203.19.233,1,2
116.203.218.186,1,3
116.203.75.6,1,5
116.203.75.6,2,6
116.203.99.4,1,4
116.72.255.10,1,15
116.73.168.105,1,1
117.192.18.209,1,1
117.194.194.81,1,2
117.195.14.73,1,3
117.195.190.212,1,1
117.196.244.175,1,1
117.197.122.100,1,7
117.199.16.60,1,4
117.199.220.242,1,17
117.200.16.194,1,3
117.201.119.66,1,4
117.201.84.226,1,21
117.201.94.30,1,1
117.202.44.156,1,8
117.204.182.175,1,3
117.204.234.254,1,6
117.205.123.254,1,9
117.205.52.160,1,3
117.206.164.215,1,1
117.207.99.17,1,10
117.211.103.22,1,2
117.212.198.56,1,1
117.213.41.227,1,1
117.214.42.229,1,4
117.214.45.232,1,1
117.215.136.185,1,4
117.215.185.38,1,3
117.215.185.38,2,69
117.215.74.184,1,15
117.215.92.234,1,1
117.216.250.123,1,4
117.217.127.46,1,3
117.217.63.245,1,1
117.218.31.180,1,3
117.219.120.168,1,5
117.221.213.13,1,3
117.222.231.235,1,5
117.230.184.149,1,82
117.231.155.191,1,4
117.235.246.32,1,62
117.239.113.1,1,2
117.239.113.1,2,3
117.239.244.165,1,7
117.240.224.65,1,3
117.242.96.43,1,18
117.243.193.65,1,3
117.243.193.65,2,2
117.245.8.101,1,1
117.247.165.146,1,3
117.247.80.162,1,9
117.248.149.98,1,68
117.248.215.122,1,1
117.250.109.123,1,1
117.250.218.96,1,4
117.252.92.153,1,7
117.253.166.86,1,2
117.253.172.252,1,1
117.253.172.252,2,1
117.253.210.40,1,1
117.253.211.98,1,1
117.253.230.115,1,1
117.253.232.87,1,9
117.253.241.55,1,2
117.255.240.89,1,1
117.55.242.103,1,1
118.102.239.85,1,3
118.102.239.85,2,65
119.235.53.76,1,7
119.235.53.76,2,6
119.235.53.76,3,2
120.56.161.153,1,11
120.56.179.183,1,1
120.56.184.69,1,2
120.57.249.92,1,2
120.59.172.242,1,10
120.59.230.155,1,8
120.59.230.155,2,9
120.59.50.219,1,1
120.63.142.109,1,3
120.63.85.200,1,5
120.89.72.131,1,6
120.89.72.131,2,12
121.244.73.4,1,16
121.244.73.4,2,10
121.244.73.4,3,7
122.15.2.242,1,3
122.15.2.242,2,2
122.15.2.242,3,3
122.15.2.242,4,1
122.160.221.64,1,7
122.160.63.213,1,11
122.161.119.255,1,1
122.162.255.204,1,2
122.163.31.24,1,10
122.166.10.202,1,4
122.166.169.165,1,66
122.167.155.205,1,2
122.168.164.193,1,3
122.168.250.202,1,5
122.168.37.113,1,3
122.168.80.0,1,1
122.169.156.147,1,10
122.169.156.147,2,6
122.169.36.250,1,8
122.169.36.250,2,8
122.170.131.109,1,1
122.170.131.109,2,3
122.171.150.31,1,9
122.171.72.49,1,2
122.172.145.77,1,85
122.172.198.96,1,7
122.172.198.96,2,1
122.172.241.3,1,2
122.172.59.240,1,2
122.172.59.240,2,10
122.173.13.231,1,10
122.174.210.166,1,1
122.174.243.19,1,6
122.174.8.135,1,2
122.176.132.245,1,1
122.177.210.74,1,7
122.177.239.76,1,8
122.177.46.142,1,3
122.178.168.147,1,8
122.178.201.170,1,10
122.178.89.82,1,2
122.178.89.82,2,7
122.179.51.105,1,10
122.180.177.17,1,1
122.181.9.78,1,5
122.183.249.146,1,3
123.201.177.234,1,2
123.201.33.130,1,2
123.238.227.254,1,1
124.123.175.0,1,1
124.253.217.13,1,8
125.18.129.68,1,64
125.18.135.166,1,66
125.18.135.166,2,2
125.20.10.162,1,18
125.22.37.188,1,7
125.63.79.38,1,11
125.63.79.38,2,10
125.99.2.92,1,3
14.102.126.132,1,1
14.139.155.11,1,5
14.139.237.180,1,3
14.139.239.37,1,15
14.140.109.90,1,6
14.140.109.90,2,1
14.140.181.37,1,18
14.140.181.37,2,10
14.141.137.196,1,3
14.97.145.39,1,4
14.97.212.41,1,7
14.97.243.30,1,7
14.97.33.229,1,3
14.97.39.201,1,2
14.98.248.72,1,14
14.99.129.178,1,4
14.99.137.241,1,3
14.99.196.68,1,13
14.99.196.68,2,6
150.129.29.185,1,3
159.220.75.3,1,23
167.219.48.10,1,8
167.219.48.10,2,14
167.219.48.10,3,42
167.219.48.10,4,88
167.219.48.10,5,21
167.219.48.10,6,33
167.219.48.10,7,30
167.219.48.10,8,9
168.127.46.158,1,2
168.235.194.122,1,1
168.235.194.122,2,2
171.76.249.142,1,1
173.230.131.202,1,4
175.100.180.61,1,13
175.101.6.195,1,4
180.151.221.192,1,3
180.211.125.126,1,9
182.156.104.125,1,2
182.19.50.34,1,1
182.19.6.130,1,4
182.19.73.229,1,33
182.19.73.242,1,1
182.48.78.26,1,6
182.57.247.1,1,2
182.58.164.130,1,3
182.64.10.125,1,12
182.64.54.41,1,2
182.65.40.238,1,2
182.65.50.22,1,1
182.65.95.81,1,1
182.65.95.81,2,1
182.66.52.208,1,2
182.68.133.29,1,4
182.68.198.164,1,6
182.68.27.59,1,2
182.69.219.128,1,13
182.70.117.88,1,58
182.70.200.86,1,5
182.70.206.39,1,2
182.71.246.66,1,4
182.71.246.66,2,10
182.73.201.26,1,5
182.74.126.210,1,10
182.75.39.2,1,4
183.82.218.140,1,1
183.82.236.231,1,3
183.82.247.80,1,6
183.82.3.198,1,3
183.82.3.198,2,11
183.82.39.5,1,3
183.83.243.125,1,1
183.83.76.120,1,2
183.87.39.218,1,4
188.138.32.88,1,1
192.223.243.6,1,4
196.207.78.84,1,2
198.166.214.12,1,11
198.169.188.229,1,6
202.131.115.107,1,2
202.164.25.5,1,3
202.164.25.5,2,9
202.164.25.5,3,85
202.164.25.5,4,31
202.179.85.10,1,19
202.56.198.106,1,10
202.56.198.106,2,7
202.56.198.106,3,4
202.56.198.106,4,1
202.71.29.230,1,1
203.110.85.98,1,1
203.123.32.52,1,1
203.176.112.109,1,88
203.176.112.109,2,12
203.176.112.109,3,20
203.176.112.109,4,10
203.199.61.211,1,3
203.199.61.211,2,3
203.33.60.90,1,1
207.46.13.37,1,1
207.46.13.37,2,5
207.46.13.37,3,2
207.46.13.37,4,15
207.46.13.37,5,11
207.46.13.37,6,6
207.46.13.37,7,7
207.46.13.37,8,3
207.46.13.37,9,9
210.56.127.4,1,3
220.227.178.195,1,8
223.176.170.214,1,1
223.176.26.162,1,1
223.176.36.181,1,3
223.176.6.31,1,4
223.179.71.49,1,3
223.196.20.179,1,5
223.196.21.65,1,1
223.227.114.22,1,1
223.234.167.24,1,4
223.235.115.54,1,5
27.100.15.108,1,5
27.106.26.6,1,4
27.106.50.130,1,3
27.49.97.1,1,8
27.97.13.222,1,5
